{"cameraMode":{"drawMode":0,"name":"Shaded","section":"Shading Mode"},"sceneLighting":true,"audioPlay":false,"sceneViewState":{"m_AlwaysRefresh":false,"showFog":true,"showSkybox":true,"showFlares":true,"showImageEffects":true,"showParticleSystems":true,"showVisualEffectGraphs":true,"m_FxEnabled":true},"in2DMode":false,"pivot":{"x":9.81389331817627,"y":1.7500014305114747,"z":-1.5703030824661255},"rotation":{"x":-0.006519004702568054,"y":-0.9425218105316162,"z":0.01837749220430851,"w":-0.33362141251564028},"size":11.176002502441407,"orthographic":true}